PlatformName,PlatformURL,FoodType,ServiceType,BusinessModelType,BusinessNameAvailable,BusinessAddressAvailable,FHRSShown,FHRSRequiredOnRegistration,ScrapingRestrictions,ScrapingRestrictionsURL,OfficialAPIURL,RobotsURL,RobotsAllowsSearch,Javascript,LastUpdated,LastUpdatedBy
AlissaTimoshkina,https://www.alissatimoshkina.com/,Food Activities,Sellers,Supper Clubs,NA,NA,No,NA,No - no data access terms,No URL,No Official API,https://www.alissatimoshkina.com/robots.txt,No ,Yes,29/08/20,Pivigo Team
AlissaTimoshkina,https://www.alissatimoshkina.com/,Food Activities,Compilators,Blogs,NA,NA,No,NA,No - no data access terms,No URL,No Official API,https://www.alissatimoshkina.com/robots.txt,No ,Yes,29/08/20,Pivigo Team
BishopstonSupperClub,https://restingchef.wordpress.com/,Food Activities,Sellers,Supper Clubs,NA,NA,No,NA,No - no data access terms,No URL,No Official API,https://restingchef.wordpress.com/robots.txt,Unclear,No,29/08/20,Pivigo Team
Bookaatable,https://www.bookatable.co.uk/,Deliveries/Cooked Food,Intermediaries,Ordering & Logistics - No Food Handling,Yes,Yes,No,No mention,No,https://for-restaurants.bookatable.co.uk/terms-conditions/?indirect=809&gclid=EAIaIQobChMIn67fp_rZ4wIVzbHtCh3PxQ9dEAAYASAAEgJyjPD_BwE&gclsrc=aw.ds,No Official API,https://www.bookatable.co.uk/robots.txt,No,No,29/08/20,Pivigo Team
BritishStreetFood,https://britishstreetfood.co.uk/app/,Deliveries/Cooked Food,Compilators,Listings,Yes,Yes,No,No mention,No - no data access terms,No URL,No Official API,https://britishstreetfood.co.uk/robots.txt,Unclear,Yes,29/08/20,Pivigo Team
CityPantry,https://citypantry.com/,Food Activities,Intermediaries,Ordering & Logistics - Food Handling,Yes,No,No,No,Needs license,https://info.citypantry.com/terms-and-conditions-city-pantry,No Official API,https://citypantry.com/robots.txt,Yes,Yes,29/08/20,Pivigo Team
Deliveroo,https://deliveroo.co.uk/,Deliveries/Cooked Food,Intermediaries,Ordering & Logistics - Food Handling,Yes,Yes,Yes,"Yes, but",No - if non-commercial,https://deliveroo.co.uk/legal,https://developers.deliveroo.com/partner-api/introduction,https://deliveroo.co.uk/robots.txt,Yes,Yes,29/08/20,Pivigo Team
Deliveroo,https://deliveroo.co.uk/,Foodstuffs,Intermediaries,Ordering & Logistics - Food Handling,Yes,Yes,Yes,"Yes, but",No - if non-commercial,https://deliveroo.co.uk/legal,https://developers.deliveroo.com/partner-api/introduction,https://deliveroo.co.uk/robots.txt,Yes,Yes,29/08/20,Pivigo Team
DesignMyNight,https://www.designmynight.com/,Food Activities,Intermediaries,Ordering & Logistics - No Food Handling,Yes,Yes,No,No mention,No,https://www.designmynight.com/terms-and-conditions,https://developers.designmynight.com/api/api-basics/,https://www.designmynight.com/robots.txt,No,Yes,29/08/20,Pivigo Team
EatHomemade,https://eathomemade.co.uk/,Deliveries/Cooked Food,Intermediaries,Ordering & Logistics - No Food Handling,Yes,No,No,Unclear,No - if non-commercial,https://eathomemade.co.uk/terms-and-conditions/,No Official API,https://eathomemade.co.uk/robots.txt,Yes,No,29/08/20,Pivigo Team
EatingEurope,https://www.eatingeurope.com/,Food Activities,Intermediaries,Ordering & Logistics - No Food Handling,Yes,No,No,No mention,Needs license,https://www.eatingeurope.com/terms-conditions/,No Official API,https://www.eatingeurope.com/robots.txt,Yes,No,29/08/20,Pivigo Team
Eatsy,https://www.eatsy.co.uk/,Deliveries/Cooked Food,Intermediaries,Ordering & Logistics - No Food Handling,Yes,Yes,No,No mention,No - no data access terms,https://www.eatsy.co.uk/termsandconditions,No Official API,No robots,NA,No,29/08/20,Pivigo Team
EatWith,https://www.eatwith.com/,Food Activities,Intermediaries,Ordering & Logistics - No Food Handling,Yes,No,No,No,Needs license,https://intercom.help/eatwith/en/articles/1498027-terms-and-conditions,No Official API,No robots,NA,Yes,29/08/20,Pivigo Team
eBay,https://www.ebay.co.uk/,Deliveries/Cooked Food,Intermediaries,Marketplaces - No Food Handling,Yes,No,No,"Yes, but",Yes - specific,https://www.ebay.co.uk/help/policies/member-behaviour-policies/user-agreement?id=4259#3.%20Using%20eBay,https://developer.ebay.com/,https://www.ebay.co.uk/robots.txt,No,No,29/08/20,Pivigo Team
eBay,https://www.ebay.co.uk/,Deliveries/Cooked Food,Compilators,Social Media,Yes,No,No,"Yes, but",Yes - specific,https://www.ebay.co.uk/help/policies/member-behaviour-policies/user-agreement?id=4259#3.%20Using%20eBay,https://developer.ebay.com/,https://www.ebay.co.uk/robots.txt,No,No,29/08/20,Pivigo Team
eBay,https://www.ebay.co.uk/,Foodstuffs,Intermediaries,Marketplaces - No Food Handling,Yes,No,No,"Yes, but",Yes - specific,https://www.ebay.co.uk/help/policies/member-behaviour-policies/user-agreement?id=4259#3.%20Using%20eBay,https://developer.ebay.com/,https://www.ebay.co.uk/robots.txt,No,No,29/08/20,Pivigo Team
eBay,https://www.ebay.co.uk/,Foodstuffs,Compilators,Social Media,Yes,No,No,"Yes, but",Yes - specific,https://www.ebay.co.uk/help/policies/member-behaviour-policies/user-agreement?id=4259#3.%20Using%20eBay,https://developer.ebay.com/,https://www.ebay.co.uk/robots.txt,No,No,29/08/20,Pivigo Team
EdenCaterers,https://www.edencaterers.london/our-food/,Food Activities,Sellers,Large Caterings,NA,NA,Yes,NA,No - no data access terms,https://www.edencaterers.london/terms/,No Official API,No robots,NA,No,29/08/20,Pivigo Team
EdibleExperiences,https://edibleexperiences.com/,Food Activities,Compilators,Listings,Yes,No,No,No mention,Needs license,https://www.edibleexperiences.com/terms,No Official API,https://edibleexperiences.com/robots.txt,No,No,29/08/20,Pivigo Team
ElenaSilcock,https://www.elenasilcock.com/,Food Activities,Sellers,Supper Clubs,NA,NA,No,NA,No - no data access terms,No URL,No Official API,http://www.elenasilcock.com/robots.txt,No,No,29/08/20,Pivigo Team
ElenaSilcock,https://www.elenasilcock.com/,Food Activities,Compilators,Blogs,NA,NA,No,NA,No - no data access terms,No URL,No Official API,http://www.elenasilcock.com/robots.txt,No,No,29/08/20,Pivigo Team
Etsy,https://www.etsy.com/,Deliveries/Cooked Food,Intermediaries,Marketplaces - No Food Handling,Yes,No,No,No,Yes - specific,https://www.etsy.com/uk/legal/terms-of-use/,No Official API,https://www.etsy.com/uk/robots.txt,Yes,No,29/08/20,Pivigo Team
Etsy,https://www.etsy.com/,Deliveries/Cooked Food,Compilators,Social Media,Yes,No,No,No,Yes - specific,https://www.etsy.com/uk/legal/terms-of-use/,No Official API,https://www.etsy.com/uk/robots.txt,Yes,No,29/08/20,Pivigo Team
Etsy,https://www.etsy.com/,Foodstuffs,Intermediaries,Marketplaces - No Food Handling,Yes,No,No,No,Yes - specific,https://www.etsy.com/uk/legal/terms-of-use/,No Official API,https://www.etsy.com/uk/robots.txt,Yes,No,29/08/20,Pivigo Team
Etsy,https://www.etsy.com/,Foodstuffs,Compilators,Social Media,Yes,No,No,No,Yes - specific,https://www.etsy.com/uk/legal/terms-of-use/,No Official API,https://www.etsy.com/uk/robots.txt,Yes,No,29/08/20,Pivigo Team
Eventbrite,https://www.eventbrite.co.uk/,Food Activities,Intermediaries,Ordering & Logistics - No Food Handling,Yes,Yes,No,No mention,Yes - specific,https://www.eventbrite.co.uk/support/articles/en_US/Troubleshooting/eventbrite-terms-of-service?lg=en_GB,https://www.eventbrite.com/platform/api,https://www.eventbrite.co.uk/robots.txtt,Yes,No,29/08/20,Pivigo Team
Facebook Marketplace,https://www.facebook.com/marketplace/?ref=bookmark,Deliveries/Cooked Food,Intermediaries,Marketplaces - No Food Handling,Yes,Approximate area,No,No mention,Yes - specific,https://www.facebook.com/apps/site_scraping_tos_terms.php,https://developers.facebook.com/,https://www.facebook.com/robots.txt,No,Yes,29/08/20,Pivigo Team
Facebook Marketplace,https://www.facebook.com/marketplace/?ref=bookmark,Deliveries/Cooked Food,Compilators,Social Media,Yes,Approximate area,No,No mention,Yes - specific,https://www.facebook.com/apps/site_scraping_tos_terms.php,https://developers.facebook.com/,https://www.facebook.com/robots.txt,No,Yes,29/08/20,Pivigo Team
Facebook Marketplace,https://www.facebook.com/marketplace/?ref=bookmark,Food Activities,Compilators,Social Media,Yes,Approximate area,No,No mention,Yes - specific,https://www.facebook.com/apps/site_scraping_tos_terms.php,https://developers.facebook.com/,https://www.facebook.com/robots.txt,No,Yes,29/08/20,Pivigo Team
Facebook Marketplace,https://www.facebook.com/marketplace/?ref=bookmark,Foodstuffs,Intermediaries,Marketplaces - No Food Handling,Yes,Approximate area,No,No mention,Yes - specific,https://www.facebook.com/apps/site_scraping_tos_terms.php,https://developers.facebook.com/,https://www.facebook.com/robots.txt,No,Yes,29/08/20,Pivigo Team
Facebook Marketplace,https://www.facebook.com/marketplace/?ref=bookmark,Foodstuffs,Compilators,Social Media,Yes,Approximate area,No,No mention,Yes - specific,https://www.facebook.com/apps/site_scraping_tos_terms.php,https://developers.facebook.com/,https://www.facebook.com/robots.txt,No,Yes,29/08/20,Pivigo Team
Farmdrop,https://www.farmdrop.com/,Deliveries/Cooked Food,Intermediaries,Ordering & Logistics - Food Handling,Yes,No,No,No mention,Needs license,https://www.farmdrop.com/terms,No Official API,https://www.farmdrop.com/robots.txt,Yes,Yes,29/08/20,Pivigo Team
Farmdrop,https://www.farmdrop.com/,Foodstuffs,Intermediaries,Ordering & Logistics - Food Handling,Yes,No,No,No mention,Needs license,https://www.farmdrop.com/terms,No Official API,https://www.farmdrop.com/robots.txt,Yes,Yes,29/08/20,Pivigo Team
FatMacys,https://www.fatmacys.org/,Food Activities,Sellers,Supper Clubs,NA,NA,No,NA,No - no data access terms,No URL,No Official API,https://www.fatmacys.org/robots.txt,No ,No,29/08/20,Pivigo Team
FeastHQ,https://www.feasthq.com/,Deliveries/Cooked Food,Intermediaries,Ordering & Logistics - No Food Handling,Yes,Yes,No,No mention,No - no data access terms,https://www.feasthq.com/privacy,No Official API,https://www.feasthq.com/robots.txt ,Unclear,Yes,29/08/20,Pivigo Team
FeastHQ,https://www.feasthq.com/,Foodstuffs,Intermediaries,Ordering & Logistics - No Food Handling,Yes,Yes,No,No mention,No - no data access terms,https://www.feasthq.com/privacy,No Official API,https://www.feasthq.com/robots.txt ,Unclear,Yes,29/08/20,Pivigo Team
FeastIt,https://feast-it.com/,Food Activities,Intermediaries,Marketplaces - No Food Handling,Yes,No,No,Yes,Needs license,https://feast-it.com/terms,No Official API,https://feast-it.com/robots.txt,No,Yes,29/08/20,Pivigo Team
Feedr,https://feedr.co/,Food Activities,Intermediaries,Ordering & Logistics - No Food Handling,(to check),(to check),(to check),(to check),(to check),(to check),(to check),(to check),(to check),(to check),29/08/20,Pivigo Team
Foodens,https://www.foodens.com/,Deliveries/Cooked Food,Intermediaries,Ordering & Logistics - No Food Handling,Yes,Yes,No,No mention,No,https://www.foodens.com/en-GB/infos/terms,No Official API,https://www.foodens.com/robots.txt,Yes,No,29/08/20,Pivigo Team
Foodens,https://www.foodens.com/,Foodstuffs,Intermediaries,Ordering & Logistics - No Food Handling,Yes,Yes,No,No mention,No,https://www.foodens.com/en-GB/infos/terms,No Official API,https://www.foodens.com/robots.txt,Yes,No,29/08/20,Pivigo Team
FoodHub,https://foodhub.co.uk/,Deliveries/Cooked Food,Intermediaries,Ordering & Logistics - No Food Handling,Yes,Yes,Yes (if available),No mention,No - if non-commercial,https://foodhub.co.uk/termsanduse ,No Official API,https://foodhub.co.uk/robots.txt,Yes,Yes,29/08/20,Pivigo Team
Foodism,https://foodism.co.uk/,Deliveries/Cooked Food,Compilators,Listings,Yes,Yes,No,No mention,Yes - indirect,https://foodism.co.uk/terms-and-conditions/,No Official API,https://foodism.co.uk/robots.txt,Yes,No,29/08/20,Pivigo Team
Fork&KnifeSupperClub,https://www.forkandknifesupperclub.co.uk/,Food Activities,Sellers,Supper Clubs,NA,NA,No,NA,No - no data access terms,https://www.forkandknifesupperclub.co.uk/cancellation-policy,No Official API,https://www.forkandknifesupperclub.co.uk/robots.txt,No,No,29/08/20,Pivigo Team
Gayot,https://www.gayot.com/,Deliveries/Cooked Food,Compilators,Listings,Yes,Yes,No,No,Yes - specific,https://www.gayot.com/about-us/terms-of-use/,No Official API,https://www.gayot.com/robots.txt,Unclear,No,29/08/20,Pivigo Team
GocceSupperClub,https://goocesupperclub.com/,Food Activities,Sellers,Supper Clubs,NA,NA,No,NA,No - no data access terms,No URL,No Official API,https://goocesupperclub.com/robots.txt,Unclear,No,29/08/20,Pivigo Team
GoodSixty,https://www.goodsixty.co.uk/,Foodstuffs,Intermediaries,Ordering & Logistics - Food Handling,Yes,Yes,No,No mention,Yes,https://www.goodsixty.co.uk/pages/terms,No Official API,https://goodsixty.co.uk/robots.txt,Yes,No,29/08/20,Pivigo Team
GooglePlaces/Maps,https://cloud.google.com/maps-platform/places,Deliveries/Cooked Food,Compilators,Listings,Yes,Yes,No,No mention,Needs license,https://policies.google.com/terms?hl=en#toc-content,https://developers.google.com/places/web-service/overview,http://maps.google.co.uk/robots.txt,No,Yes,29/08/20,Pivigo Team
GooglePlaces/Maps,https://cloud.google.com/maps-platform/places,Food Activities,Compilators,Listings,Yes,Yes,No,No mention,Needs license,https://policies.google.com/terms?hl=en#toc-content,https://developers.google.com/places/web-service/overview,http://maps.google.co.uk/robots.txt,No,Yes,29/08/20,Pivigo Team
GooglePlaces/Maps,https://cloud.google.com/maps-platform/places,Foodstuffs,Compilators,Listings,Yes,Yes,No,No mention,Needs license,https://policies.google.com/terms?hl=en#toc-content,https://developers.google.com/places/web-service/overview,http://maps.google.co.uk/robots.txt,No,Yes,29/08/20,Pivigo Team
GourmetGuide,https://www.gourmetguide.co.uk/,Deliveries/Cooked Food,Compilators,Listings,Yes,No,No,No mention,No - no data access terms,https://www.gourmetguide.co.uk/view/terms-and-conditions,No Official API,https://www.gourmetguide.co.uk/robots.txt,Yes,Yes,29/08/20,Pivigo Team
Gousto,https://www.gousto.co.uk/,Foodstuffs,Sellers,Recipe Boxes,NA,NA,No,NA,Yes - indirect ,https://www.gousto.co.uk/terms-of-use,https://docs.gusto.com/,https://www.gousto.co.uk/robots.txt,Yes,No,29/08/20,Pivigo Team
Gumtree,https://www.gumtree.com/,Deliveries/Cooked Food,Intermediaries,Marketplaces - No Food Handling,Yes,Approximate area,No,No mention,Needs license,https://www.gumtree.com/termsofuse,No Official API,https://www.gumtree.com/robots.txt,No,No,29/08/20,Pivigo Team
Gumtree,https://www.gumtree.com/,Deliveries/Cooked Food,Compilators,Social Media,Yes,Approximate area,No,No mention,Needs license,https://www.gumtree.com/termsofuse,No Official API,https://www.gumtree.com/robots.txt,No,No,29/08/20,Pivigo Team
Gumtree,https://www.gumtree.com/,Foodstuffs,Intermediaries,Marketplaces - No Food Handling,Yes,Approximate area,No,No mention,Needs license,https://www.gumtree.com/termsofuse,No Official API,https://www.gumtree.com/robots.txt,No,No,29/08/20,Pivigo Team
Gumtree,https://www.gumtree.com/,Foodstuffs,Compilators,Social Media,Yes,Approximate area,No,No mention,Needs license,https://www.gumtree.com/termsofuse,No Official API,https://www.gumtree.com/robots.txt,No,No,29/08/20,Pivigo Team
HomeCookedUK,https://homecookeduk.com/,Deliveries/Cooked Food,Intermediaries,Ordering & Logistics - No Food Handling,(to check),(to check),(to check),(to check),(to check),(to check),(to check),(to check),(to check),(to check),29/08/20,Pivigo Team
HomeFood,https://play.google.com/store/apps/details?id=com.MakananRumah.HomeFood&hl=en_GB,Deliveries/Cooked Food,Intermediaries,Ordering & Logistics - No Food Handling,(to check),(to check),(to check),(to check),(to check),(to check),(to check),(to check),(to check),(to check),29/08/20,Pivigo Team
HomeMadeFood,https://homemadefood.app/,Deliveries/Cooked Food,Intermediaries,Ordering & Logistics - No Food Handling,(to check),(to check),(to check),(to check),(to check),(to check),(to check),(to check),(to check),(to check),29/08/20,Pivigo Team
Hot Dinners,https://www.hot-dinners.com/,Deliveries/Cooked Food,Compilators,Listings,Yes,Yes,No,No mention,No - no data access terms,https://www.hot-dinners.com/About-Us/About-us/hot-dinners-privacy-policy,No Official API,http://hot-dinners.com/robots.txt,Yes,No,29/08/20,Pivigo Team
Instagram ,https://www.instagram.com/,Deliveries/Cooked Food,Intermediaries,Marketplaces - No Food Handling,Yes,No,No,No mention,Yes - specific,https://help.instagram.com/581066165581870,https://www.instagram.com/developer/,https://www.instagram.com/robots.txt,No,Yes,29/08/20,Pivigo Team
Instagram ,https://www.instagram.com/,Deliveries/Cooked Food,Compilators,Social Media,Yes,No,No,No mention,Yes - specific,https://help.instagram.com/581066165581870,https://www.instagram.com/developer/,https://www.instagram.com/robots.txt,No,Yes,29/08/20,Pivigo Team
Instagram ,https://www.instagram.com/,Food Activities,Compilators,Social Media,Yes,No,No,No mention,Yes - specific,https://help.instagram.com/581066165581870,https://www.instagram.com/developer/,https://www.instagram.com/robots.txt,No,Yes,29/08/20,Pivigo Team
Instagram ,https://www.instagram.com/,Foodstuffs,Intermediaries,Marketplaces - No Food Handling,Yes,No,No,No mention,Yes - specific,https://help.instagram.com/581066165581870,https://www.instagram.com/developer/,https://www.instagram.com/robots.txt,No,Yes,29/08/20,Pivigo Team
Instagram ,https://www.instagram.com/,Foodstuffs,Compilators,Social Media,Yes,No,No,No mention,Yes - specific,https://help.instagram.com/581066165581870,https://www.instagram.com/developer/,https://www.instagram.com/robots.txt,No,Yes,29/08/20,Pivigo Team
InYourArea,https://www.inyourarea.co.uk/,Deliveries/Cooked Food,Compilators,Listings,Yes,Yes,Yes,No mention,Needs license,https://www.inyourarea.co.uk/news/terms-and-conditions//,No Official API,https://www.inyourarea.co.uk/robots.txt,Yes,Yes,29/08/20,Pivigo Team
Jaspers,http://www.jaspersonline.co.uk/,Food Activities,Sellers,Large Caterings,NA,NA,No,NA,No - no data access terms,http://www.jaspersonline.co.uk/terms-and-conditions,No Official API,http://www.jaspersonline.co.uk/robots.txt,Yes,No,29/08/20,Pivigo Team
JustEat,https://www.just-eat.co.uk/,Deliveries/Cooked Food,Intermediaries,Ordering & Logistics - No Food Handling,Yes,Yes,Yes,"Yes, but",Yes - specific,https://www.just-eat.co.uk/info/terms-and-conditions,https://developers.just-eat.com/docs/api-integration,https://www.just-eat.co.uk/robots.txt,Yes,No,29/08/20,Pivigo Team
Karma,https://karma.life/,Deliveries/Cooked Food,Intermediaries,Ordering & Logistics - No Food Handling,(to check),(to check),(to check),(to check),(to check),(to check),(to check),(to check),(to check),(to check),29/08/20,Pivigo Team
Kukd,https://www.kukd.com/,Deliveries/Cooked Food,Intermediaries,Ordering & Logistics - No Food Handling,Yes,Yes,No,No mention,No - if non-commercial,https://www.kukd.com/privacy-policy#link9,No Official API,https://www.kukd.com/robots.txt,Yes,No,29/08/20,Pivigo Team
LaBelleAssiette,https://labelleassiette.co.uk/,Food Activities,Intermediaries,Ordering & Logistics - Food Handling,Yes,No,No,No mention,Yes - indirect,http://terms.labelleassiette.co.uk/,No Official API,https://labelleassiette.co.uk/robots.txt,Yes,No,29/08/20,Pivigo Team
Londonist,https://londonist.com/,Deliveries/Cooked Food,Compilators,Listings,Yes,Yes,No,No mention,No - no data access terms,https://londonist.com/london/uncategorized/cookies-and-privacy-policy-2018,No Official API,https://londonist.com/robots.txt,Yes,No,29/08/20,Pivigo Team
LondonPopUps,http://www.londonpopups.com/,Food Activities,Compilators,Listings,Yes,No,No,No mention,No - no data access terms,http://www.londonpopups.com/p/london-supper-clubs.html,No Official API,http://www.londonpopups.com/robots.txt,No,No,29/08/20,Pivigo Team
Luto,http://www.lutolondon.com/,Food Activities,Sellers,Supper Clubs,NA,NA,No,NA,No - no data access terms,No URL,No Official API,http://www.lutolondon.com/robots.txt,No ,No,29/08/20,Pivigo Team
MamSham,https://www.mamsham.com/,Food Activities,Sellers,Supper Clubs,NA,NA,No,NA,No - no data access terms,No URL,No Official API,https://www.mamsham.com/robots.txt,Yes,No,29/08/20,Pivigo Team
MeetUp,https://www.meetup.com/,Food Activities,Intermediaries,Ordering & Logistics - No Food Handling,Yes,No,No,No mention,Yes - specific,https://help.meetup.com/hc/en-us/articles/360027447252,https://www.meetup.com/meetup_api/,https://www.meetup.com/robots.txtt,Yes,Yes,29/08/20,Pivigo Team
MindfulChef,https://www.mindfulchef.com/,Foodstuffs,Sellers,Recipe Boxes,NA,NA,No,NA,No - no data access terms,https://www.mindfulchef.com/info/terms-and-conditions,No Official API,https://www.mindfulchef.com/robots.txt,Yes,Yes,29/08/20,Pivigo Team
Olio,https://olioex.com/,Foodstuffs,Intermediaries,Ordering & Logistics - No Food Handling,(to check),(to check),(to check),(to check),(to check),(to check),(to check),(to check),(to check),(to check),29/08/20,Pivigo Team
OneDelivery,https://one-delivery.co.uk/,Deliveries/Cooked Food,Intermediaries,Ordering & Logistics - No Food Handling,Yes,No,No,No mention,No - no data access terms,https://one-delivery.co.uk/terms-and-conditions,No Official API,No robots,NA,No,29/08/20,Pivigo Team
OpenTable,https://www.opentable.co.uk/,Deliveries/Cooked Food,Intermediaries,Ordering & Logistics - No Food Handling,Yes,Yes,No,No mention,Needs license,https://www.opentable.com/legal/terms-and-conditions,https://platform.opentable.com/documentation/,https://www.opentable.co.uk/robots.txt,Yes,No,29/08/20,Pivigo Team
Pinterest,https://www.pinterest.co.uk/,Deliveries/Cooked Food,Intermediaries,Marketplaces - No Food Handling,Yes,No,No,No mention,Yes - indirect,https://policy.pinterest.com/en-gb/developer-guidelines,https://developers.pinterest.com/,https://www.pinterest.com/robots.txt,No,Yes,29/08/20,Pivigo Team
Pinterest,https://www.pinterest.co.uk/,Deliveries/Cooked Food,Compilators,Social Media,Yes,No,No,No mention,Yes - indirect,https://policy.pinterest.com/en-gb/developer-guidelines,https://developers.pinterest.com/,https://www.pinterest.com/robots.txt,No,Yes,29/08/20,Pivigo Team
Pinterest,https://www.pinterest.co.uk/,Foodstuffs,Intermediaries,Marketplaces - No Food Handling,Yes,No,No,No mention,Yes - indirect,https://policy.pinterest.com/en-gb/developer-guidelines,https://developers.pinterest.com/,https://www.pinterest.com/robots.txt,No,Yes,29/08/20,Pivigo Team
Pinterest,https://www.pinterest.co.uk/,Foodstuffs,Compilators,Social Media,Yes,No,No,No mention,Yes - indirect,https://policy.pinterest.com/en-gb/developer-guidelines,https://developers.pinterest.com/,https://www.pinterest.com/robots.txt,No,Yes,29/08/20,Pivigo Team
RangoonSisters,https://www.rangoonsisters.com/,Food Activities,Sellers,Supper Clubs,NA,NA,No,NA,No - no data access terms,No URL,No Official API,https://www.rangoonsisters.com/robots.txt,No ,No,29/08/20,Pivigo Team
RoamingHunger,https://roaminghunger.com/,Food Activities,Intermediaries,Ordering & Logistics - No Food Handling,Yes,Approximate area,No,No mention,Yes - specific,https://roaminghunger.com/pages/terms_and_conditions/,No Official API,https://roaminghunger.com/robots.txt,No,No,29/08/20,Pivigo Team
RoamingHunger,https://roaminghunger.com/,Food Activities,Compilators,Listings,Yes,Approximate area,No,No mention,Yes - specific,https://roaminghunger.com/pages/terms_and_conditions/,No Official API,https://roaminghunger.com/robots.txt,No,No,29/08/20,Pivigo Team
SecretTeaClub,https://www.secretteaparty.com/,Food Activities,Sellers,Supper Clubs,NA,NA,No,NA,No - no data access terms,No URL,No Official API,www.secretteaparty.com/robots.txt,No,No,29/08/20,Pivigo Team
Shpock,https://www.shpock.com/en-gb,Deliveries/Cooked Food,Intermediaries,Marketplaces - No Food Handling,Yes,Approximate area,No,No,Yes - specific,https://www.shpock.com/en-gb/terms-conditions,No Official API,https://www.shpock.com/robots.txt,No,Yes,29/08/20,Pivigo Team
Shpock,https://www.shpock.com/en-gb,Deliveries/Cooked Food,Compilators,Social Media,Yes,Approximate area,No,No,Yes - specific,https://www.shpock.com/en-gb/terms-conditions,No Official API,https://www.shpock.com/robots.txt,No,Yes,29/08/20,Pivigo Team
Shpock,https://www.shpock.com/en-gb,Foodstuffs,Intermediaries,Marketplaces - No Food Handling,Yes,Approximate area,No,No,Yes - specific,https://www.shpock.com/en-gb/terms-conditions,No Official API,https://www.shpock.com/robots.txt,No,Yes,29/08/20,Pivigo Team
Shpock,https://www.shpock.com/en-gb,Foodstuffs,Compilators,Social Media,Yes,Approximate area,No,No,Yes - specific,https://www.shpock.com/en-gb/terms-conditions,No Official API,https://www.shpock.com/robots.txt,No,Yes,29/08/20,Pivigo Team
SouthWestKitchen,https://www.swksupperclub.com/,Food Activities,Sellers,Supper Clubs,NA,NA,No,NA,No - no data access terms,No URL,No Official API,https://www.swksupperclub.com/robots.txt,No,No,29/08/20,Pivigo Team
StreetFoodMarkets,https://streetfoodmarkets.co.uk/,Food Activities,Intermediaries,Ordering & Logistics - No Food Handling,Yes,Approximate area,Yes,Unclear,No - no data access terms,https://streetfoodmarkets.co.uk/terms-and-conditions/,No Official API,https://streetfoodmarkets.co.uk/robots.txt,Unclear,No,29/08/20,Pivigo Team
StreetFoodMarkets,https://streetfoodmarkets.co.uk/,Food Activities,Compilators,Listings,Yes,Approximate area,Yes,Unclear,No - no data access terms,https://streetfoodmarkets.co.uk/terms-and-conditions/,No Official API,https://streetfoodmarkets.co.uk/robots.txt,Unclear,No,29/08/20,Pivigo Team
TasteAtlas,https://www.tasteatlas.com/,Deliveries/Cooked Food,Compilators,Listings,Yes,Yes,No,No mention,Yes - specific,https://www.tasteatlas.com/terms,No Official API,https://www.tasteatlas.com/robots.txt,Yes,Yes,29/08/20,Pivigo Team
TheBoyWhoAtetheWorld,https://theboywhoatetheworld.com/,Food Activities,Sellers,Supper Clubs,NA,NA,No,NA,No - no data access terms,No URL,No Official API,https://theboywhoatetheworld.com/robots.txt,Yes,No,29/08/20,Pivigo Team
TheBoyWhoAtetheWorld,https://theboywhoatetheworld.com/,Food Activities,Compilators,Blogs,NA,NA,No,NA,No - no data access terms,No URL,No Official API,https://theboywhoatetheworld.com/robots.txt,Yes,No,29/08/20,Pivigo Team
TheFeedFeed,https://thefeedfeed.com/,Food Activities,Compilators,Listings,Yes,Yes,No,No mention,Needs license,https://thefeedfeed.com/terms,No Official API,https://thefeedfeed.com/robots.txt,Yes,Yes,29/08/20,Pivigo Team
TheResident,https://www.theresident.co.uk/,Deliveries/Cooked Food,Compilators,Listings,Yes,Yes,No,No mention,Needs license,https://www.archant.co.uk/articles/terms-conditions/,No Official API,https://theresident.co.uk/robots.txt,Unclear,No,29/08/20,Pivigo Team
TheSisterTable,https://www.thesistertable.com/,Food Activities,Sellers,Supper Clubs,NA,NA,No,NA,No - no data access terms,https://www.thesistertable.com/privacy-policy,No Official API,https://www.thesistertable.com/robots.txt,No,No,29/08/20,Pivigo Team
ThreeBestRated,https://threebestrated.co.uk/,Deliveries/Cooked Food,Compilators,Listings,Yes,Yes,No,No mention,Needs license,https://threebestrated.co.uk/terms-of-service,No Official API,https://threebestrated.co.uk/robots.txt,Unclear,No,29/08/20,Pivigo Team
TimeOut,https://www.timeout.com/,Deliveries/Cooked Food,Compilators,Listings,Yes,Yes,No,No mention,Yes - indirect,https://www.timeout.com/terms-of-use,No Official API,https://www.timeout.com/robots.txt,No,No,29/08/20,Pivigo Team
TimeOut,https://www.timeout.com/,Food Activities,Intermediaries,Ordering & Logistics - No Food Handling,Yes,Yes,No,No mention,Yes - indirect,https://www.timeout.com/terms-of-use,No Official API,https://www.timeout.com/robots.txt,No,No,29/08/20,Pivigo Team
TimeOut,https://www.timeout.com/,Food Activities,Compilators,Listings,Yes,Yes,No,No mention,Yes - indirect,https://www.timeout.com/terms-of-use,No Official API,https://www.timeout.com/robots.txt,No,No,29/08/20,Pivigo Team
TooGoodToGo,https://toogoodtogo.co.uk/,Deliveries/Cooked Food,Intermediaries,Ordering & Logistics - No Food Handling,(to check),(to check),(to check),(to check),(to check),(to check),(to check),(to check),(to check),(to check),29/08/20,Pivigo Team
Tripadvisor,https://www.tripadvisor.co.uk/,Deliveries/Cooked Food,Intermediaries,Ordering & Logistics - No Food Handling,Yes,Yes,No,No,Yes - specific,https://tripadvisor.mediaroom.com/us-terms-of-use#OLE_LINK4,https://developer-tripadvisor.com/content-api/,https://www.tripadvisor.com/robots.txt,No,No,29/08/20,Pivigo Team
Tripadvisor,https://www.tripadvisor.co.uk/,Deliveries/Cooked Food,Compilators,Listings,Yes,Yes,No,No,Yes - specific,https://tripadvisor.mediaroom.com/us-terms-of-use#OLE_LINK4,https://developer-tripadvisor.com/content-api/,https://www.tripadvisor.com/robots.txt,No,No,29/08/20,Pivigo Team
Tripadvisor,https://www.tripadvisor.co.uk/,Food Activities,Intermediaries,Ordering & Logistics - No Food Handling,Yes,Yes,No,No,Yes - specific,https://tripadvisor.mediaroom.com/us-terms-of-use#OLE_LINK4,https://developer-tripadvisor.com/content-api/,https://www.tripadvisor.com/robots.txt,No,No,29/08/20,Pivigo Team
Tripadvisor,https://www.tripadvisor.co.uk/,Food Activities,Compilators,Listings,Yes,Yes,No,No,Yes - specific,https://tripadvisor.mediaroom.com/us-terms-of-use#OLE_LINK4,https://developer-tripadvisor.com/content-api/,https://www.tripadvisor.com/robots.txt,No,No,29/08/20,Pivigo Team
TruckStopToday,http://www.truckstoptoday.com/,Food Activities,Compilators,Listings,Yes,Approximate area,No,No mention,Yes - indirect,http://www.truckstoptoday.com/info/terms,No Official API,No robots,NA,No,29/08/20,Pivigo Team
UberEats,https://www.ubereats.com/gb,Deliveries/Cooked Food,Intermediaries,Ordering & Logistics - Food Handling,Yes,Yes,Yes,Unclear,Yes - specific,https://www.uber.com/legal/en/document/?country=great-britain&lang=en-gb&name=general-terms-of-use,https://developer.uber.com/docs/eats/introduction,https://www.ubereats.com/robots.txt,No,Yes,29/08/20,Pivigo Team
VisitLondon,https://www.visitlondon.com/,Deliveries/Cooked Food,Compilators,Listings,Yes,No,No,No mention,Yes - indirect,https://www.visitlondon.com/things-to-do/food-and-drink/food-trucks,No Official API,https://www.visitlondon.com/robots.txt,No,No,29/08/20,Pivigo Team
WaterHouseProject,https://www.thewaterhouseproject.com/,Food Activities,Sellers,Supper Clubs,NA,NA,No,NA,No - no data access terms,No URL,No Official API,https://www.thewaterhouseproject.com/robots.txt,Yes,No,29/08/20,Pivigo Team
Yahmee,https://yahmee.co.uk/,Deliveries/Cooked Food,Intermediaries,Ordering & Logistics - No Food Handling,Yes,No,No,No mention,No,https://yahmee.co.uk/term_condition,No Official API,No robots,NA,No,29/08/20,Pivigo Team
Yell,https://www.yell.com/,Deliveries/Cooked Food,Compilators,Listings,Yes,Yes,No,No mention,Needs license,https://www.yell.com/legal/data-protection-privacy-policy/,No Official API,https://www.yell.com/robots.txt,No,No,29/08/20,Pivigo Team
Yelp,https://www.yelp.co.uk/,Deliveries/Cooked Food,Compilators,Listings,Yes,Yes,No,No mention,Yes - specific,https://terms.yelp.com/tos/en_gb/20200101_en_gb/,https://www.yelp.com/developers,https://www.yelp.co.uk/robots.txt,Yes,No,29/08/20,Pivigo Team
Yummit,https://yummit.co/,Deliveries/Cooked Food,Intermediaries,Ordering & Logistics - No Food Handling,(pre-launch phase),(pre-launch phase),(pre-launch phase),Unclear,Yes - indirect,https://yummit.co/terms,No Official API,No robots,NA,No,29/08/20,Pivigo Team
Zomato,https://www.zomato.com/uk,Deliveries/Cooked Food,Compilators,Listings,Yes,Yes,No,No,Needs license,https://www.zomato.com/conditions,https://developers.zomato.com/api,No robots,NA,No,29/08/20,Pivigo Team